[{"c":{"a":"11选5三码","sa":"三码"},"s":[{"c":{"a":"直选","sa":"直选"},"b":[{"a":"三码直选前三直选复式","sa":"前三直选复式","c":0.99,"idf":"sanma_zhixuan_qiansanzhixuanfs","mp":1956,"ac":990,"sp":20000,"bp":2},{"a":"三码直选前三直选单式","sa":"前三直选单式","c":0.99,"idf":"sanma_zhixuan_qiansanzhixuands","mp":1956,"ac":990,"sp":20000,"bp":2},{"a":"三码直选中三直选复式","sa":"中三直选复式","c":0.99,"idf":"sanma_zhixuan_zhongsanzhixuanfs","mp":1956,"ac":990,"sp":20000,"bp":2},{"a":"三码直选中三直选单式","sa":"中三直选单式","c":0.99,"idf":"sanma_zhixuan_zhongsanzhixuands","mp":1956,"ac":990,"sp":20000,"bp":2},{"a":"三码直选后三直选复式","sa":"后三直选复式","c":0.99,"idf":"sanma_zhixuan_housanzhixuanfs","mp":1956,"ac":990,"sp":20000,"bp":2},{"a":"三码直选后三直选单式","sa":"后三直选单式","c":0.99,"idf":"sanma_zhixuan_housanzhixuands","mp":1956,"ac":990,"sp":20000,"bp":2}]},{"c":{"a":"组选","sa":"组选"},"b":[{"a":"三码組选前三组选复式","sa":"前三組选复式","c":0.165,"idf":"sanma_zuxuan_qiansanzuxuanfs","mp":1956,"ac":165,"sp":20000,"bp":2},{"a":"三码組选前三組选单式","sa":"前三組选单式","c":0.165,"idf":"sanma_zuxuan_qiansanzuxuands","mp":1956,"ac":165,"sp":20000,"bp":2},{"a":"三码直选中三組选复式","sa":"中三組选复式","c":0.165,"idf":"sanma_zuxuan_zhongsanzuxuanfs","mp":1956,"ac":165,"sp":20000,"bp":2},{"a":"三码直选組三直选单式","sa":"中三組选单式","c":0.165,"idf":"sanma_zuxuan_zhongsanzuxuands","mp":1956,"ac":165,"sp":20000,"bp":2},{"a":"三码直选后三組选复式","sa":"后三組选复式","c":0.165,"idf":"sanma_zuxuan_housanzuxuanfs","mp":1956,"ac":165,"sp":20000,"bp":2},{"a":"三码后三組选单式","sa":"后三組选单式","c":0.165,"idf":"sanma_zuxuan_housanzuxuands","mp":1956,"ac":165,"sp":20000,"bp":2}]}]},{"c":{"a":"11选5二码","sa":"二码"},"s":[{"c":{"a":"直选","sa":"直选"},"b":[{"a":"三码直选前二直选复式","sa":"前二直选复式","c":0.11,"idf":"erma_zhixuan_qianerzhixuanfs","mp":1956,"ac":110,"sp":20000,"bp":2},{"a":"二码直选前二直选单式","sa":"前二直选单式","c":0.11,"idf":"erma_zhixuan_qianerzhixuands","mp":1956,"ac":110,"sp":20000,"bp":2},{"a":"二码直选后二直选复式","sa":"后二直选复式","c":0.11,"idf":"erma_zhixuan_houerzhixuanfs","mp":1956,"ac":110,"sp":20000,"bp":2},{"a":"二码直选后二直选单式","sa":"后二直选单式","c":0.11,"idf":"erma_zhixuan_houerzhixuands","mp":1956,"ac":110,"sp":20000,"bp":2}]},{"c":{"a":"组选","sa":"组选"},"b":[{"a":"二码組选前二組选复式","sa":"前二組选复式","c":0.055,"idf":"erma_zuxuan_qianerzuxuanfs","mp":1956,"ac":55,"sp":20000,"bp":2},{"a":"二码直选前二組选胆拖","sa":"前二組选胆拖","c":0.055,"idf":"erma_zuxuan_qianerzuxuandt","mp":1956,"ac":55,"sp":20000,"bp":2},{"a":"二码組选后二組选复式","sa":"后二組选复式","c":0.055,"idf":"erma_zuxuan_houerzuxuanfs","mp":1956,"ac":55,"sp":20000,"bp":2},{"a":"二码直选后二組选胆拖","sa":"后二組选胆拖","c":0.055,"idf":"erma_zuxuan_houerzuxuandt","mp":1956,"ac":55,"sp":20000,"bp":2}]}]},{"c":{"a":"11选5不定位","sa":"不定位"},"s":[{"c":{"a":"不定位","sa":"不定位"},"b":[{"a":"不定位前三不定位","sa":"前三不定位","c":0.0036666666666666666,"idf":"budingwei_budingwei_qiansanbdw","mp":1956,"ac":11,"sp":20000,"bp":2},{"a":"不定位中三不定位","sa":"中三不定位","c":0.0036666666666666666,"idf":"budingwei_budingwei_zhongsanbdw","mp":1956,"ac":11,"sp":20000,"bp":2},{"a":"不定位后三不定位","sa":"后三不定位","c":0.0036666666666666666,"idf":"budingwei_budingwei_housanbdw","mp":1956,"ac":11,"sp":20000,"bp":2}]}]},{"c":{"a":"11选5定位胆","sa":"定位胆"},"s":[{"c":{"a":"定位胆","sa":"定位胆"},"b":[{"a":"定位胆","sa":"定位胆","c":0.011,"idf":"dingweidan_dingweidan_dwd","mp":1956,"ac":33,"sp":20000,"bp":2}]}]},{"c":{"a":"11选5任选","sa":"任选"},"s":[{"c":{"a":"任选单式","sa":"任选单式"},"b":[{"a":"任选单式一中一","sa":"一中一","c":0.0022,"idf":"renxuan_renxuands_ds1z1","mp":1956,"ac":11,"sp":20000,"bp":2},{"a":"任选单式二中二","sa":"二中二","c":0.0055,"idf":"renxuan_renxuands_ds2z2","mp":1956,"ac":55,"sp":20000,"bp":2},{"a":"任选单式三中三","sa":"三中三","c":0.0165,"idf":"renxuan_renxuands_ds3z3","mp":1956,"ac":165,"sp":20000,"bp":2},{"a":"任选单式四中四","sa":"四中四","c":0.066,"idf":"renxuan_renxuands_ds4z4","mp":1956,"ac":330,"sp":20000,"bp":2},{"a":"任选单式五中五","sa":"五中五","c":0.462,"idf":"renxuan_renxuands_ds5z5","mp":1956,"ac":462,"sp":20000,"bp":2},{"a":"任选单式六中五","sa":"六中五","c":0.077,"idf":"renxuan_renxuands_ds6z5","mp":1956,"ac":462,"sp":20000,"bp":2},{"a":"任选单式七中五","sa":"七中五","c":0.022,"idf":"renxuan_renxuands_ds7z5","mp":1956,"ac":330,"sp":20000,"bp":2},{"a":"任选单式八中五","sa":"八中五","c":0.00825,"idf":"renxuan_renxuands_ds8z5","mp":1956,"ac":165,"sp":20000,"bp":2}]},{"c":{"a":"任选复式","sa":"任选复式"},"b":[{"a":"任选复式一中一","sa":"一中一","c":0.0022,"idf":"renxuan_renxuanfs_fs1z1","mp":1956,"ac":11,"sp":20000,"bp":2},{"a":"任选复式二中二","sa":"二中二","c":0.0055,"idf":"renxuan_renxuanfs_fs2z2","mp":1956,"ac":55,"sp":20000,"bp":2},{"a":"任选复式三中三","sa":"三中三","c":0.0165,"idf":"renxuan_renxuanfs_fs3z3","mp":1956,"ac":165,"sp":20000,"bp":2},{"a":"任选复式四中四","sa":"四中四","c":0.066,"idf":"renxuan_renxuanfs_fs4z4","mp":1956,"ac":330,"sp":20000,"bp":2},{"a":"任选复式五中五","sa":"五中五","c":0.462,"idf":"renxuan_renxuanfs_fs5z5","mp":1956,"ac":462,"sp":20000,"bp":2},{"a":"任选复式六中五","sa":"六中五","c":0.077,"idf":"renxuan_renxuanfs_fs6z5","mp":1956,"ac":462,"sp":20000,"bp":2},{"a":"任选复式七中五","sa":"七中五","c":0.022,"idf":"renxuan_renxuanfs_fs7z5","mp":1956,"ac":330,"sp":20000,"bp":2},{"a":"任选复式八中五","sa":"八中五","c":0.00825,"idf":"renxuan_renxuanfs_fs8z5","mp":1956,"ac":165,"sp":20000,"bp":2}]}]},{"c":{"a":"11选5胆拖","sa":"胆拖"},"s":[{"c":{"a":"胆拖","sa":"胆拖"},"b":[{"a":"胆拖二中二","sa":"二中二","c":0.0055,"idf":"dantuo_dantuo_dt2z2","mp":1956,"ac":110,"sp":20000,"bp":2},{"a":"胆拖三中三","sa":"三中三","c":0.0165,"idf":"dantuo_dantuo_dt3z3","mp":1956,"ac":990,"sp":20000,"bp":2},{"a":"胆拖四中四","sa":"四中四","c":0.066,"idf":"dantuo_dantuo_dt4z4","mp":1956,"ac":7920,"sp":20000,"bp":2},{"a":"胆拖五中五","sa":"五中五","c":0.462,"idf":"dantuo_dantuo_dt5z5","mp":1956,"ac":55440,"sp":20000,"bp":2},{"a":"胆拖六中五","sa":"六中五","c":0.077,"idf":"dantuo_dantuo_dt6z5","mp":1956,"ac":332640,"sp":20000,"bp":2},{"a":"胆拖七中五","sa":"七中五","c":0.022,"idf":"dantuo_dantuo_dt7z5","mp":1956,"ac":1663200,"sp":20000,"bp":2},{"a":"胆拖八中五","sa":"八中五","c":0.00825,"idf":"dantuo_dantuo_dt8z5","mp":1956,"ac":6652800,"sp":20000,"bp":2}]}]}]
