[{"c":{"a":"快三和值","sa":"和值"},"s":[{"c":{"a":"和值","sa":"和值"},"b":[{"a":"和值","sa":"和值","c":0.216,"idf":"hezhi_hezhi_hz","mp":1956,"ac":16,"sp":20000,"bp":2}]}]},{"c":{"a":"快三三同号","sa":"三同号"},"s":[{"c":{"a":"三同号","sa":"三同号"},"b":[{"a":"三同号单选","sa":"三同号单选","c":0.216,"idf":"santonghao_santonghao_sthdx","mp":1956,"ac":6,"sp":20000,"bp":2},{"a":"三同号通选","sa":"三同号通选","c":0.036,"idf":"santonghao_santonghao_sthtx","mp":1956,"ac":1,"sp":20000,"bp":2}]}]},{"c":{"a":"快三二同号","sa":"二同号"},"s":[{"c":{"a":"二同号","sa":"二同号"},"b":[{"a":"二同号单选","sa":"二同号单选","c":0.072,"idf":"ertonghao_ertonghao_ethdx","mp":1956,"ac":30,"sp":20000,"bp":2},{"a":"二同号复选","sa":"二同号复选","c":0.0135,"idf":"ertonghao_ertonghao_ethfx","mp":1956,"ac":6,"sp":20000,"bp":2}]}]},{"c":{"a":"快三三不同号","sa":"三不同号"},"s":[{"c":{"a":"三不同号","sa":"三不同号"},"b":[{"a":"三不同号单选","sa":"三不同号单选","c":0.036,"idf":"sanbutonghao_sanbutonghao_sbthds","mp":1956,"ac":20,"sp":20000,"bp":2}]}]},{"c":{"a":"快三二不同号","sa":"二不同号"},"s":[{"c":{"a":"二不同号","sa":"二不同号"},"b":[{"a":"二不同号","sa":"二不同号","c":0.0072,"idf":"erbutonghao_erbutonghao_ebth","mp":1956,"ac":15,"sp":20000,"bp":2}]}]},{"c":{"a":"快三大小单双","sa":"大小单双"},"s":[{"c":{"a":"总和大小","sa":"大小"},"b":[{"a":"大小","sa":"大小","c":0.002,"idf":"daxiaodanshuang_daxiao_dx","mp":1956,"ac":2,"sp":20000,"bp":2}]},{"c":{"a":"总和单双","sa":"单双"},"b":[{"a":"单双","sa":"单双","c":0.002,"idf":"daxiaodanshuang_danshuang_ds","mp":1956,"ac":2,"sp":20000,"bp":2}]}]}]
