[{"id":"BANK34506Z8NFKNC7GDZSCPODW6E2R6P","name":"上海银行","identifier":"BOS","min_save_load":"0.00","max_save_load":"0.00","min_withdraw_load":"100.00","max_withdraw_load":"50000.00","withdraw_fee_rebate":"0.00","withdraw_min_fee_value":"1.00","withdraw_max_fee_value":"1.00"},{"id":"BANK01506Z8NFML9KGF6Q0IAF124FJK3","name":"东亚银行","identifier":"BEA","min_save_load":"0.00","max_save_load":"0.00","min_withdraw_load":"100.00","max_withdraw_load":"50000.00","withdraw_fee_rebate":"0.00","withdraw_min_fee_value":"1.00","withdraw_max_fee_value":"1.00"},{"id":"BANK47506Z8NFMQJDSKJO5YAE0LU187G","name":"中信银行","identifier":"ECITIC","min_save_load":"0.00","max_save_load":"0.00","min_withdraw_load":"100.00","max_withdraw_load":"50000.00","withdraw_fee_rebate":"0.00","withdraw_min_fee_value":"1.00","withdraw_max_fee_value":"1.00"},{"id":"BANK06506Z8NFK8UAK4D2AIAHGBMS6I8","name":"中国农业银行","identifier":"ABC","min_save_load":"0.00","max_save_load":"0.00","min_withdraw_load":"100.00","max_withdraw_load":"50000.00","withdraw_fee_rebate":"0.00","withdraw_min_fee_value":"1.00","withdraw_max_fee_value":"1.00"},{"id":"BANK49506Z8NFMBI3ONEHHC7C38LMB0J","name":"中国工商银行","identifier":"ICBC","min_save_load":"0.00","max_save_load":"0.00","min_withdraw_load":"100.00","max_withdraw_load":"50000.00","withdraw_fee_rebate":"0.00","withdraw_min_fee_value":"1.00","withdraw_max_fee_value":"1.00"},{"id":"BANK20506Z8NFK4CY8AH9AANRB0MX1HK","name":"中国建设银行","identifier":"CCB","min_save_load":"0.00","max_save_load":"0.00","min_withdraw_load":"100.00","max_withdraw_load":"50000.00","withdraw_fee_rebate":"0.00","withdraw_min_fee_value":"1.00","withdraw_max_fee_value":"1.00"},{"id":"BANK62506Z8NFLIQX0Y8V2EXWO7DZ4FG","name":"中国民生银行","identifier":"CMBC","min_save_load":"0.00","max_save_load":"0.00","min_withdraw_load":"100.00","max_withdraw_load":"50000.00","withdraw_fee_rebate":"0.00","withdraw_min_fee_value":"1.00","withdraw_max_fee_value":"1.00"},{"id":"BANK93506Z8NFKHXZS460U781WDXZB3H","name":"中国邮政储蓄银行","identifier":"PSBC","min_save_load":"0.00","max_save_load":"0.00","min_withdraw_load":"100.00","max_withdraw_load":"50000.00","withdraw_fee_rebate":"0.00","withdraw_min_fee_value":"1.00","withdraw_max_fee_value":"1.00"},{"id":"BANK90506Z8NFLWK28QXVVJ217ITVE9Q","name":"中国银行","identifier":"BOC","min_save_load":"0.00","max_save_load":"0.00","min_withdraw_load":"100.00","max_withdraw_load":"50000.00","withdraw_fee_rebate":"0.00","withdraw_min_fee_value":"1.00","withdraw_max_fee_value":"1.00"},{"id":"BANK67506Z8NFL7DT80BR9R08MAUMQZV","name":"交通银行","identifier":"BCOM","min_save_load":"0.00","max_save_load":"0.00","min_withdraw_load":"100.00","max_withdraw_load":"50000.00","withdraw_fee_rebate":"0.00","withdraw_min_fee_value":"1.00","withdraw_max_fee_value":"1.00"},{"id":"BANK09506Z8NFM5OGGA4D4I3WJBUI7RP","name":"兴业银行","identifier":"CIB","min_save_load":"0.00","max_save_load":"0.00","min_withdraw_load":"100.00","max_withdraw_load":"50000.00","withdraw_fee_rebate":"0.00","withdraw_min_fee_value":"1.00","withdraw_max_fee_value":"1.00"},{"id":"BANK67506Z8NFN072GWXZA96PI3IS0GX","name":"北京银行","identifier":"BCCB","min_save_load":"0.00","max_save_load":"0.00","min_withdraw_load":"100.00","max_withdraw_load":"50000.00","withdraw_fee_rebate":"0.00","withdraw_min_fee_value":"1.00","withdraw_max_fee_value":"1.00"},{"id":"BANK13506Z8NFL32C0BDZRV74UI47QYB","name":"华夏银行","identifier":"HXB","min_save_load":"0.00","max_save_load":"0.00","min_withdraw_load":"100.00","max_withdraw_load":"50000.00","withdraw_fee_rebate":"0.00","withdraw_min_fee_value":"1.00","withdraw_max_fee_value":"1.00"},{"id":"BANK84506Z8NFLSP90JMB5GPHCR91UFX","name":"平安银行","identifier":"PAB","min_save_load":"0.00","max_save_load":"0.00","min_withdraw_load":"100.00","max_withdraw_load":"50000.00","withdraw_fee_rebate":"0.00","withdraw_min_fee_value":"1.00","withdraw_max_fee_value":"1.00"},{"id":"BANK28506Z8NFKTCSOCYPUAS43JNAQ28","name":"广东发展银行","identifier":"GDB","min_save_load":"0.00","max_save_load":"0.00","min_withdraw_load":"100.00","max_withdraw_load":"50000.00","withdraw_fee_rebate":"0.00","withdraw_min_fee_value":"1.00","withdraw_max_fee_value":"1.00"},{"id":"BANK49568KXQPX33K8BABCE9","name":"广发银行","identifier":"GZCB","min_save_load":"0.00","max_save_load":"0.00","min_withdraw_load":"100.00","max_withdraw_load":"50000.00","withdraw_fee_rebate":"0.00","withdraw_min_fee_value":"1.00","withdraw_max_fee_value":"1.00"},{"id":"BANK94506Z8NFLBLA0CQRTYS6902RCLZ","name":"招商银行","identifier":"CMB","min_save_load":"0.00","max_save_load":"0.00","min_withdraw_load":"100.00","max_withdraw_load":"50000.00","withdraw_fee_rebate":"0.00","withdraw_min_fee_value":"1.00","withdraw_max_fee_value":"1.00"},{"id":"BANK49506Z8NFK0008T8K9Z1KV61MM9P","name":"杭州银行","identifier":"HCCB","min_save_load":"0.00","max_save_load":"0.00","min_withdraw_load":"100.00","max_withdraw_load":"50000.00","withdraw_fee_rebate":"0.00","withdraw_min_fee_value":"1.00","withdraw_max_fee_value":"1.00"}]
