[{"c":{"a":"快乐8任选","sa":"任选"},"s":[{"c":{"a":"任选","sa":"任选"},"b":[{"a":"任选一","sa":"任选一","c":0.004,"idf":"renxuan_renxuan_rx1","mp":1956,"ac":80,"sp":20000,"bp":2},{"a":"任选二","sa":"任选二","c":0.01663157894736842,"idf":"renxuan_renxuan_rx2","mp":1956,"ac":6320,"sp":20000,"bp":2},{"a":"任选三","sa":"任选三","c":0.07207017543859649,"idf":"renxuan_renxuan_rx3","mp":1956,"ac":492960,"sp":20000,"bp":2},{"a":"任选四","sa":"任选四","c":0.32643550051599585,"idf":"renxuan_renxuan_rx4","mp":1956,"ac":37957920,"sp":20000,"bp":2},{"a":"任选五","sa":"任选五","c":1.5505686274509805,"idf":"renxuan_renxuan_rx5","mp":1956,"ac":2884801920,"sp":20000,"bp":2},{"a":"任选六","sa":"任选六","c":7.752843137254902,"idf":"renxuan_renxuan_rx6","mp":1956,"ac":216360144000,"sp":20000,"bp":2},{"a":"任选七","sa":"任选七","c":40.979313725490194,"idf":"renxuan_renxuan_rx7","mp":1956,"ac":16010650656000,"sp":20000,"bp":2}]}]},{"c":{"a":"快乐8趣味","sa":"趣味"},"s":[{"c":{"a":"趣味","sa":"趣味"},"b":[{"a":"和值单双","sa":"和值单双","c":0.0019343,"idf":"quwei_quwei_ds","mp":1956,"ac":2,"sp":20000,"bp":2},{"a":"和值大小","sa":"和值大小","c":0.1305862,"idf":"quwei_quwei_dx","mp":1956,"ac":2,"sp":20000,"bp":2},{"a":"上下盘","sa":"上下盘","c":0.0049202178873245656,"idf":"quwei_quwei_sx","mp":1956,"ac":2,"sp":20000,"bp":2},{"a":"奇偶盘","sa":"奇偶盘","c":0.0049202178873245656,"idf":"quwei_quwei_jo","mp":1956,"ac":2,"sp":20000,"bp":2}]}]}]
