[{"c":{"a":"PK拾一星","sa":"一星"},"s":[{"c":{"a":"前一","sa":"前一"},"b":[{"a":"一星前一复式","sa":"前一复式","c":0.01,"idf":"yixing_qianyi_fs","mp":1956,"ac":10,"sp":20000,"bp":2}]}]},{"c":{"a":"PK拾二星","sa":"二星"},"s":[{"c":{"a":"前二","sa":"前二"},"b":[{"a":"二星前二复式","sa":"前二复式","c":0.09,"idf":"erxing_qianer_fs","mp":1956,"ac":90,"sp":20000,"bp":2},{"a":"二星前二单式","sa":"前二单式","c":0.09,"idf":"erxing_qianer_ds","mp":1956,"ac":90,"sp":20000,"bp":2}]}]},{"c":{"a":"PK拾三星","sa":"三星"},"s":[{"c":{"a":"前三","sa":"前三"},"b":[{"a":"三星前三复式","sa":"前三复式","c":0.72,"idf":"sanxing_qiansan_fs","mp":1956,"ac":720,"sp":20000,"bp":2},{"a":"三星前三单式","sa":"前三单式","c":0.72,"idf":"sanxing_qiansan_ds","mp":1956,"ac":720,"sp":20000,"bp":2}]},{"c":{"a":"后三","sa":"后三"},"b":[{"a":"三星后三复式","sa":"后三复式","c":0.72,"idf":"sanxing_housan_fs","mp":1956,"ac":720,"sp":20000,"bp":2},{"a":"三星后三单式","sa":"后三单式","c":0.72,"idf":"sanxing_housan_ds","mp":1956,"ac":720,"sp":20000,"bp":2}]}]},{"c":{"a":"PK拾四星","sa":"四星"},"s":[{"c":{"a":"前四","sa":"前四"},"b":[{"a":"四星前四复式","sa":"前四复式","c":5.04,"idf":"sixing_qiansi_fs","mp":1956,"ac":5040,"sp":20000,"bp":2},{"a":"四星前四单式","sa":"前四单式","c":5.04,"idf":"sixing_qiansi_ds","mp":1956,"ac":5040,"sp":20000,"bp":2}]},{"c":{"a":"后四","sa":"后四"},"b":[{"a":"四星后四复式","sa":"后四复式","c":5.04,"idf":"sixing_housi_fs","mp":1956,"ac":5040,"sp":20000,"bp":2},{"a":"四星后四单式","sa":"后四单式","c":5.04,"idf":"sixing_housi_ds","mp":1956,"ac":5040,"sp":20000,"bp":2}]}]}]
