[{"c":{"sa":"冠军","i":"xydiyiming"},"s":[{"idf":"xyqianshiming_xydiyiming_dx","mp":1956,"o":[0.5,0.5]},{"idf":"xyqianshiming_xydiyiming_ds","mp":1956,"o":[0.5,0.5]},{"idf":"xyqianshiming_xydiyiming_hm","mp":1956,"o":[0.1,0.1,0.1,0.1,0.1,0.1,0.1,0.1,0.1,0.1]},{"idf":"xyqianshiming_xydiyiming_lh","mp":1956,"o":[0.5,0.5]}]},{"c":{"sa":"亚军","i":"xydierming"},"s":[{"idf":"xyqianshiming_xydierming_dx","mp":1956,"o":[0.5,0.5]},{"idf":"xyqianshiming_xydierming_ds","mp":1956,"o":[0.5,0.5]},{"idf":"xyqianshiming_xydierming_hm","mp":1956,"o":[0.1,0.1,0.1,0.1,0.1,0.1,0.1,0.1,0.1,0.1]},{"idf":"xyqianshiming_xydierming_lh","mp":1956,"o":[0.5,0.5]}]},{"c":{"sa":"第三名","i":"xydisanming"},"s":[{"idf":"xyqianshiming_xydisanming_dx","mp":1956,"o":[0.5,0.5]},{"idf":"xyqianshiming_xydisanming_ds","mp":1956,"o":[0.5,0.5]},{"idf":"xyqianshiming_xydisanming_hm","mp":1956,"o":[0.1,0.1,0.1,0.1,0.1,0.1,0.1,0.1,0.1,0.1]},{"idf":"xyqianshiming_xydisanming_lh","mp":1956,"o":[0.5,0.5]}]},{"c":{"sa":"第四名","i":"xydisiming"},"s":[{"idf":"xyqianshiming_xydisiming_dx","mp":1956,"o":[0.5,0.5]},{"idf":"xyqianshiming_xydisiming_ds","mp":1956,"o":[0.5,0.5]},{"idf":"xyqianshiming_xydisiming_hm","mp":1956,"o":[0.1,0.1,0.1,0.1,0.1,0.1,0.1,0.1,0.1,0.1]},{"idf":"xyqianshiming_xydisiming_lh","mp":1956,"o":[0.5,0.5]}]},{"c":{"sa":"第五名","i":"xydiwuming"},"s":[{"idf":"xyqianshiming_xydiwuming_dx","mp":1956,"o":[0.5,0.5]},{"idf":"xyqianshiming_xydiwuming_ds","mp":1956,"o":[0.5,0.5]},{"idf":"xyqianshiming_xydiwuming_hm","mp":1956,"o":[0.1,0.1,0.1,0.1,0.1,0.1,0.1,0.1,0.1,0.1]},{"idf":"xyqianshiming_xydiwuming_lh","mp":1956,"o":[0.5,0.5]}]},{"c":{"sa":"第六名","i":"xydiliuming"},"s":[{"idf":"xyqianshiming_xydiliuming_dx","mp":1956,"o":[0.5,0.5]},{"idf":"xyqianshiming_xydiliuming_ds","mp":1956,"o":[0.5,0.5]},{"idf":"xyqianshiming_xydiliuming_hm","mp":1956,"o":[0.1,0.1,0.1,0.1,0.1,0.1,0.1,0.1,0.1,0.1]}]},{"c":{"sa":"第七名","i":"xydiqiming"},"s":[{"idf":"xyqianshiming_xydiqiming_dx","mp":1956,"o":[0.5,0.5]},{"idf":"xyqianshiming_xydiqiming_ds","mp":1956,"o":[0.5,0.5]},{"idf":"xyqianshiming_xydiqiming_hm","mp":1956,"o":[0.1,0.1,0.1,0.1,0.1,0.1,0.1,0.1,0.1,0.1]}]},{"c":{"sa":"第八名","i":"xydibaming"},"s":[{"idf":"xyqianshiming_xydibaming_dx","mp":1956,"o":[0.5,0.5]},{"idf":"xyqianshiming_xydibaming_ds","mp":1956,"o":[0.5,0.5]},{"idf":"xyqianshiming_xydibaming_hm","mp":1956,"o":[0.1,0.1,0.1,0.1,0.1,0.1,0.1,0.1,0.1,0.1]}]},{"c":{"sa":"第九名","i":"xydijiuming"},"s":[{"idf":"xyqianshiming_xydijiuming_dx","mp":1956,"o":[0.5,0.5]},{"idf":"xyqianshiming_xydijiuming_ds","mp":1956,"o":[0.5,0.5]},{"idf":"xyqianshiming_xydijiuming_hm","mp":1956,"o":[0.1,0.1,0.1,0.1,0.1,0.1,0.1,0.1,0.1,0.1]}]},{"c":{"sa":"第十名","i":"xydishiming"},"s":[{"idf":"xyqianshiming_xydishiming_dx","mp":1956,"o":[0.5,0.5]},{"idf":"xyqianshiming_xydishiming_ds","mp":1956,"o":[0.5,0.5]},{"idf":"xyqianshiming_xydishiming_hm","mp":1956,"o":[0.1,0.1,0.1,0.1,0.1,0.1,0.1,0.1,0.1,0.1]}]},{"c":{"sa":"冠亚和值","i":"xyqianerhezhi"},"s":[{"idf":"xyqianerhezhi_xyqianerhezhi_hz","mp":1956,"o":[0.022222222222222223,0.022222222222222223,0.044444444444444446,0.044444444444444446,0.06666666666666667,0.06666666666666667,0.08888888888888889,0.08888888888888889,0.1111111111111111,0.08888888888888889,0.08888888888888889,0.06666666666666667,0.06666666666666667,0.044444444444444446,0.044444444444444446,0.022222222222222223,0.022222222222222223]},{"idf":"xyqianerhezhi_xyqianerhezhi_dx","mp":1956,"o":[0.47058823529411764,0.47058823529411764]},{"idf":"xyqianerhezhi_xyqianerhezhi_ds","mp":1956,"o":[0.47058823529411764,0.47058823529411764]}]}]
