[{"c":{"sa":"第一球","i":"xydiyiqiu"},"s":[{"idf":"xydiyiqiu_xydaxiao_dx","mp":1956,"o":[0.5,0.5]},{"idf":"xydiyiqiu_xydanshuang_ds","mp":1956,"o":[0.5,0.5]},{"idf":"xydiyiqiu_xyhaoma_hm","mp":1956,"o":[0.1,0.1,0.1,0.1,0.1,0.1,0.1,0.1,0.1,0.1]}]},{"c":{"sa":"第二球","i":"xydierqiu"},"s":[{"idf":"xydierqiu_xydaxiao_dx","mp":1956,"o":[0.5,0.5]},{"idf":"xydierqiu_xydanshuang_ds","mp":1956,"o":[0.5,0.5]},{"idf":"xydierqiu_xyhaoma_hm","mp":1956,"o":[0.1,0.1,0.1,0.1,0.1,0.1,0.1,0.1,0.1,0.1]}]},{"c":{"sa":"第三球","i":"xydisanqiu"},"s":[{"idf":"xydisanqiu_xydaxiao_dx","mp":1956,"o":[0.5,0.5]},{"idf":"xydisanqiu_xydanshuang_ds","mp":1956,"o":[0.5,0.5]},{"idf":"xydisanqiu_xyhaoma_hm","mp":1956,"o":[0.1,0.1,0.1,0.1,0.1,0.1,0.1,0.1,0.1,0.1]}]},{"c":{"sa":"第四球","i":"xydisiqiu"},"s":[{"idf":"xydisiqiu_xydaxiao_dx","mp":1956,"o":[0.5,0.5]},{"idf":"xydisiqiu_xydanshuang_ds","mp":1956,"o":[0.5,0.5]},{"idf":"xydisiqiu_xyhaoma_hm","mp":1956,"o":[0.1,0.1,0.1,0.1,0.1,0.1,0.1,0.1,0.1,0.1]}]},{"c":{"sa":"第五球","i":"xydiwuqiu"},"s":[{"idf":"xydiwuqiu_xydaxiao_dx","mp":1956,"o":[0.5,0.5]},{"idf":"xydiwuqiu_xydanshuang_ds","mp":1956,"o":[0.5,0.5]},{"idf":"xydiwuqiu_xyhaoma_hm","mp":1956,"o":[0.1,0.1,0.1,0.1,0.1,0.1,0.1,0.1,0.1,0.1]}]},{"c":{"sa":"信用总和","i":"xyzonghe"},"s":[{"idf":"xyzonghe_xyzonghedaxiao_zhbs","mp":1956,"o":[0.5,0.5]},{"idf":"xyzonghe_xyzonghedanshuang_zhdx","mp":1956,"o":[0.5,0.5]}]},{"c":{"sa":"前三","i":"xyqiansan"},"s":[{"idf":"xyqiansan_xyqita_bz","mp":1956,"o":[0.01],"si":"豹子"},{"idf":"xyqiansan_xyqita_sz","mp":1956,"o":[0.06],"si":"顺子"},{"idf":"xyqiansan_xyqita_dz","mp":1956,"o":[0.27],"si":"对子"}]},{"c":{"sa":"中三","i":"xyzhongsan"},"s":[{"idf":"xyzhongsan_xyqita_bz","mp":1956,"o":[0.01],"si":"豹子"},{"idf":"xyzhongsan_xyqita_sz","mp":1956,"o":[0.06],"si":"顺子"},{"idf":"xyzhongsan_xyqita_dz","mp":1956,"o":[0.27],"si":"对子"}]},{"c":{"sa":"后三","i":"xyhousan"},"s":[{"idf":"xyhousan_xyqita_bz","mp":1956,"o":[0.01],"si":"豹子"},{"idf":"xyhousan_xyqita_sz","mp":1956,"o":[0.06],"si":"顺子"},{"idf":"xyhousan_xyqita_dz","mp":1956,"o":[0.27],"si":"对子"}]},{"c":{"sa":"龙虎斗","i":"xylonghu"},"s":[{"idf":"xylonghu_xylonghu_1v2lh","mp":1956,"o":[0.45,0.45,0.1],"si":"万千 第一球VS第二球"},{"idf":"xylonghu_xylonghu_1v3lh","mp":1956,"o":[0.45,0.45,0.1],"si":"万百 第一球VS第三球"},{"idf":"xylonghu_xylonghu_1v4lh","mp":1956,"o":[0.45,0.45,0.1],"si":"万十 第一球VS第四球"},{"idf":"xylonghu_xylonghu_1v5lh","mp":1956,"o":[0.45,0.45,0.1],"si":"万个 第一球VS第五球"},{"idf":"xylonghu_xylonghu_2v3lh","mp":1956,"o":[0.45,0.45,0.1],"si":"千百 第二球VS第三球"},{"idf":"xylonghu_xylonghu_2v4lh","mp":1956,"o":[0.45,0.45,0.1],"si":"千十 第二球VS第四球"},{"idf":"xylonghu_xylonghu_2v5lh","mp":1956,"o":[0.45,0.45,0.1],"si":"千个 第二球VS第五球"},{"idf":"xylonghu_xylonghu_3v4lh","mp":1956,"o":[0.45,0.45,0.1],"si":"百十 第三球VS第四球"},{"idf":"xylonghu_xylonghu_3v5lh","mp":1956,"o":[0.45,0.45,0.1],"si":"百个 第三球VS第五球"},{"idf":"xylonghu_xylonghu_4v5lh","mp":1956,"o":[0.45,0.45,0.1],"si":"十个 第四球VS第五球"}]},{"c":{"sa":"全5中1","i":"xyquanwuzhongyi"},"s":[{"idf":"xyquanwuzhongyi_xybudingwei_q5z1","mp":1956,"o":[0.40951,0.40951,0.40951,0.40951,0.40951,0.40951,0.40951,0.40951,0.40951,0.40951]}]}]
