[{"c":{"a":"时时彩五星","sa":"五星"},"s":[{"c":{"a":"直选","sa":"直选"},"b":[{"a":"五星直选复式","sa":"直选复式","c":100,"idf":"wuxing_zhixuan_fs","mp":1956,"ac":100000,"sp":20000,"bp":2},{"a":"五星直选单式","sa":"直选单式","c":100,"idf":"wuxing_zhixuan_ds","mp":1956,"ac":100000,"sp":20000,"bp":2}]},{"c":{"a":"组选","sa":"组选"},"b":[{"a":"五星组选120","sa":"组选120","c":0.8333333333333334,"idf":"wuxing_zuxuan_120","mp":1956,"ac":252,"sp":20000,"bp":2},{"a":"五星组选60","sa":"组选60","c":1.6666666666666667,"idf":"wuxing_zuxuan_60","mp":1956,"ac":840,"sp":20000,"bp":2},{"a":"五星组选30","sa":"组选30","c":3.3333333333333335,"idf":"wuxing_zuxuan_30","mp":1956,"ac":360,"sp":20000,"bp":2},{"a":"五星组选20","sa":"组选20","c":5,"idf":"wuxing_zuxuan_20","mp":1956,"ac":360,"sp":20000,"bp":2},{"a":"五星组选10","sa":"组选10","c":10,"idf":"wuxing_zuxuan_10","mp":1956,"ac":90,"sp":20000,"bp":2},{"a":"五星组选5","sa":"组选5","c":20,"idf":"wuxing_zuxuan_5","mp":1956,"ac":90,"sp":20000,"bp":2}]}]},{"c":{"a":"时时彩前四","sa":"前四"},"s":[{"c":{"a":"直选","sa":"直选"},"b":[{"a":"前四直选复式","sa":"直选复式","c":10,"idf":"qiansi_zhixuan_fs","mp":1956,"ac":10000,"sp":20000,"bp":2},{"a":"前四直选单式","sa":"直选单式","c":10,"idf":"qiansi_zhixuan_ds","mp":1956,"ac":10000,"sp":20000,"bp":2}]},{"c":{"a":"组选","sa":"组选"},"b":[{"a":"前四组选24","sa":"组选24","c":0.4166666666666667,"idf":"qiansi_zuxuan_24","mp":1956,"ac":210,"sp":20000,"bp":2},{"a":"前四组选12","sa":"组选12","c":0.8333333333333334,"idf":"qiansi_zuxuan_12","mp":1956,"ac":360,"sp":20000,"bp":2},{"a":"前四组选6","sa":"组选6","c":1.6666666666666667,"idf":"qiansi_zuxuan_6","mp":1956,"ac":45,"sp":20000,"bp":2},{"a":"前四组选4","sa":"组选4","c":2.5,"idf":"qiansi_zuxuan_4","mp":1956,"ac":90,"sp":20000,"bp":2}]}]},{"c":{"a":"时时彩后四","sa":"后四"},"s":[{"c":{"a":"直选","sa":"直选"},"b":[{"a":"后四直选复式","sa":"直选复式","c":10,"idf":"housi_zhixuan_fs","mp":1956,"ac":10000,"sp":20000,"bp":2},{"a":"后四直选单式","sa":"直选单式","c":10,"idf":"housi_zhixuan_ds","mp":1956,"ac":10000,"sp":20000,"bp":2}]},{"c":{"a":"组选","sa":"组选"},"b":[{"a":"后四组选24","sa":"组选24","c":0.4166666666666667,"idf":"housi_zuxuan_24","mp":1956,"ac":210,"sp":20000,"bp":2},{"a":"后四组选12","sa":"组选12","c":0.8333333333333334,"idf":"housi_zuxuan_12","mp":1956,"ac":360,"sp":20000,"bp":2},{"a":"后四组选6","sa":"组选6","c":1.6666666666666667,"idf":"housi_zuxuan_6","mp":1956,"ac":45,"sp":20000,"bp":2},{"a":"后四组选4","sa":"组选4","c":2.5,"idf":"housi_zuxuan_4","mp":1956,"ac":90,"sp":20000,"bp":2}]}]},{"c":{"a":"时时彩前三","sa":"前三"},"s":[{"c":{"a":"直选","sa":"直选"},"b":[{"a":"前三直选复式","sa":"直选复式","c":1,"idf":"qiansan_zhixuan_fs","mp":1956,"ac":1000,"sp":20000,"bp":2},{"a":"前三直选单式","sa":"直选单式","c":1,"idf":"qiansan_zhixuan_ds","mp":1956,"ac":1000,"sp":20000,"bp":2}]},{"c":{"a":"组选","sa":"组选"},"b":[{"a":"前三组三","sa":"组三","c":0.3333333333333333,"idf":"qiansan_zuxuan_zux3","mp":1956,"ac":90,"sp":20000,"bp":2},{"a":"前三组六","sa":"组六","c":0.16666666666666666,"idf":"qiansan_zuxuan_zux6","mp":1956,"ac":120,"sp":20000,"bp":2}]},{"c":{"a":"其它","sa":"其它"},"b":[{"a":"前三和值尾数","sa":"和值尾数","c":0.01,"idf":"qiansan_qita_hezhiwz","mp":1956,"ac":10,"sp":20000,"bp":2},{"a":"前三豹子","sa":"豹子","c":0.1,"idf":"qiansan_qita_bz","mp":1956,"ac":1,"sp":20000,"bp":2},{"a":"前三顺子","sa":"顺子","c":0.016666666666666666,"idf":"qiansan_qita_sz","mp":1956,"ac":1,"sp":20000,"bp":2},{"a":"前三对子","sa":"对子","c":0.003703703703703704,"idf":"qiansan_qita_dz","mp":1956,"ac":1,"sp":20000,"bp":2}]}]},{"c":{"a":"时时彩中三","sa":"中三"},"s":[{"c":{"a":"直选","sa":"直选"},"b":[{"a":"中三直选复式","sa":"直选复式","c":1,"idf":"zhongsan_zhixuan_fs","mp":1956,"ac":1000,"sp":20000,"bp":2},{"a":"中三直选单式","sa":"直选单式","c":1,"idf":"zhongsan_zhixuan_ds","mp":1956,"ac":1000,"sp":20000,"bp":2}]},{"c":{"a":"组选","sa":"组选"},"b":[{"a":"中三组三","sa":"组三","c":0.3333333333333333,"idf":"zhongsan_zuxuan_zux3","mp":1956,"ac":90,"sp":20000,"bp":2},{"a":"中三组六","sa":"组六","c":0.16666666666666666,"idf":"zhongsan_zuxuan_zux6","mp":1956,"ac":120,"sp":20000,"bp":2}]},{"c":{"a":"其它","sa":"其它"},"b":[{"a":"中三和值尾数","sa":"和值尾数","c":0.01,"idf":"zhongsan_qita_hezhiwz","mp":1956,"ac":10,"sp":20000,"bp":2},{"a":"中三豹子","sa":"豹子","c":0.1,"idf":"zhongsan_qita_bz","mp":1956,"ac":1,"sp":20000,"bp":2},{"a":"中三顺子","sa":"顺子","c":0.016666666666666666,"idf":"zhongsan_qita_sz","mp":1956,"ac":1,"sp":20000,"bp":2},{"a":"中三对子","sa":"对子","c":0.003703703703703704,"idf":"zhongsan_qita_dz","mp":1956,"ac":1,"sp":20000,"bp":2}]}]},{"c":{"a":"时时彩后三","sa":"后三"},"s":[{"c":{"a":"直选","sa":"直选"},"b":[{"a":"后三直选复式","sa":"直选复式","c":1,"idf":"housan_zhixuan_fs","mp":1956,"ac":1000,"sp":20000,"bp":2},{"a":"后三直选单式","sa":"直选单式","c":1,"idf":"housan_zhixuan_ds","mp":1956,"ac":1000,"sp":20000,"bp":2}]},{"c":{"a":"组选","sa":"组选"},"b":[{"a":"后三组三","sa":"组三","c":0.3333333333333333,"idf":"housan_zuxuan_zux3","mp":1956,"ac":90,"sp":20000,"bp":2},{"a":"后三组六","sa":"组六","c":0.16666666666666666,"idf":"housan_zuxuan_zux6","mp":1956,"ac":120,"sp":20000,"bp":2}]},{"c":{"a":"其它","sa":"其它"},"b":[{"a":"后三和值尾数","sa":"和值尾数","c":0.01,"idf":"housan_qita_hezhiwz","mp":1956,"ac":10,"sp":20000,"bp":2},{"a":"后三豹子","sa":"豹子","c":0.1,"idf":"housan_qita_bz","mp":1956,"ac":1,"sp":20000,"bp":2},{"a":"后三顺子","sa":"顺子","c":0.016666666666666666,"idf":"housan_qita_sz","mp":1956,"ac":1,"sp":20000,"bp":2},{"a":"后三对子","sa":"对子","c":0.003703703703703704,"idf":"housan_qita_dz","mp":1956,"ac":1,"sp":20000,"bp":2}]}]},{"c":{"a":"时时彩二星","sa":"二星"},"s":[{"c":{"a":"直选","sa":"直选"},"b":[{"a":"二星前二直选复式","sa":"前二复式","c":0.1,"idf":"erxing_zhixuan_qianerfs","mp":1956,"ac":100,"sp":20000,"bp":2},{"a":"二星前二直选单式","sa":"前二单式","c":0.1,"idf":"erxing_zhixuan_qianerds","mp":1956,"ac":100,"sp":20000,"bp":2},{"a":"二星后二直选复式","sa":"后二复式","c":0.1,"idf":"erxing_zhixuan_houerfs","mp":1956,"ac":100,"sp":20000,"bp":2},{"a":"二星后二直选单式","sa":"后二单式","c":0.05,"idf":"erxing_zhixuan_houerds","mp":1956,"ac":100,"sp":20000,"bp":2}]},{"c":{"a":"组选","sa":"组选"},"b":[{"a":"二星前二组选复式","sa":"前二复式","c":0.045,"idf":"erxing_zuxuan_qianerzxfs","mp":1956,"ac":45,"sp":20000,"bp":2},{"a":"二星前二组选单式","sa":"前二单式","c":0.045,"idf":"erxing_zuxuan_qianerzxds","mp":1956,"ac":45,"sp":20000,"bp":2},{"a":"二星后二组选复式","sa":"后二复式","c":0.045,"idf":"erxing_zuxuan_houerzxfs","mp":1956,"ac":45,"sp":20000,"bp":2},{"a":"二星后二组选单式","sa":"后二单式","c":0.045,"idf":"erxing_zuxuan_houerzxds","mp":1956,"ac":45,"sp":20000,"bp":2}]}]},{"c":{"a":"时时彩一星定位胆","sa":"定位胆"},"s":[{"c":{"a":"定位胆","sa":"定位胆"},"b":[{"a":"一星定位胆","sa":"定位胆","c":0.01,"idf":"dingweidan_dingweidan_dwq","mp":1956,"ac":50,"sp":20000,"bp":2}]}]},{"c":{"a":"时时彩不定位","sa":"不定位"},"s":[{"c":{"a":"三星不定位","sa":"三星不定位"},"b":[{"a":"不定位前三一码不定位","sa":"前三一码不定位","c":0.0036900369003690036,"idf":"budingwei_sanxingbudingwei_qiansanyimabdw","mp":1956,"ac":10,"sp":20000,"bp":2},{"a":"不定位前三二码不定位","sa":"前三二码不定位","c":0.018518518518518517,"idf":"budingwei_sanxingbudingwei_qiansanermabdw","mp":1956,"ac":45,"sp":20000,"bp":2},{"a":"不定位中三一码不定位","sa":"中三一码不定位","c":0.0036900369003690036,"idf":"budingwei_sanxingbudingwei_zhongsanyimabdw","mp":1956,"ac":10,"sp":20000,"bp":2},{"a":"不定位后三一码不定位","sa":"后三一码不定位","c":0.0036900369003690036,"idf":"budingwei_sanxingbudingwei_housanyimabdw","mp":1956,"ac":10,"sp":20000,"bp":2}]},{"c":{"a":"四星不定位","sa":"四星不定位"},"b":[{"a":"不定位前四一码不定位","sa":"前四一码不定位","c":0.002907822041291073,"idf":"budingwei_sixingbudingwei_qiansiyimabdw","mp":1956,"ac":10,"sp":20000,"bp":2},{"a":"不定位前四二码不定位","sa":"前四二码不定位","c":0.01026694045174538,"idf":"budingwei_sixingbudingwei_qiansiermabdw","mp":1956,"ac":45,"sp":20000,"bp":2}]},{"c":{"a":"五星不定位","sa":"五星不定位"},"b":[{"a":"不定位五星一码不定位","sa":"五星一码不定位","c":0.002441942809699397,"idf":"budingwei_wuxingbudingwei_wuxingyimabdw","mp":1956,"ac":10,"sp":20000,"bp":2},{"a":"不定位五星二码不定位","sa":"五星二码不定位","c":0.006816632583503749,"idf":"budingwei_wuxingbudingwei_wuxingermabdw","mp":1956,"ac":45,"sp":20000,"bp":2},{"a":"不定位五星三码不定位","sa":"五星三码不定位","c":0.022988505747126436,"idf":"budingwei_wuxingbudingwei_wuxingsanmabdw","mp":1956,"ac":120,"sp":20000,"bp":2}]}]}]
