[{"infos":[{"id":"LGIF60RUJHEPR48KOZ6FB0QE0NX8NE8H","i":"bjkl8","n":"北京快乐8","ne":0,"h":0,"d":"","mp":1980,"ic":179}],"identifier":"kl8","name":"快乐8","online_status":1},{"infos":[{"id":"LGIF03RUJHEI5PN3489G2TMV8RNKOOGU","i":"tjssc","n":"天津时时彩","ne":0,"h":1,"d":null,"mp":1980,"ic":84},{"id":"LGIF05RUJHEI9B4L0MN8H1MQW7H40WGL","i":"s1min","n":"一分彩","ne":0,"h":0,"d":"","mp":1980,"ic":1440},{"id":"LGIF07RUJHEI61O18X3S5REEFJXNJI99","i":"xjssc","n":"新疆时时彩","ne":0,"h":0,"d":"","mp":1980,"ic":96},{"id":"LGIF71RUJHEI5DLG0F6RMXIHCP0QFBAV","i":"cqssc","n":"重庆时时彩","ne":0,"h":1,"d":null,"mp":1980,"ic":120},{"id":"LGIF91RUJHEI6E9NSXWDXAQD9NKVK0VA","i":"txffc","n":"腾讯分分彩","ne":0,"h":1,"d":null,"mp":1980,"ic":1440},{"id":"LGIF98RUJHEI8WWS0O7529PXKJ57OGYD","i":"flb15","n":"菲律宾1.5分彩","ne":0,"h":1,"d":null,"mp":1980,"ic":920},{"id":"LGIF6115A03B8ZKDUO6K07W9LMB10HL2","i":"nmgssc","n":"内蒙古时时彩","ne":0,"h":0,"d":"","mp":1980,"ic":73},{"id":"LGIF9315A03B8WMDNCK3HP3QEYFJ8L4X","i":"hljssc","n":"黑龙江时时彩","ne":0,"h":0,"d":"","mp":1980,"ic":84},{"id":"LGIF9615A03B91PBLS5WVSDCD2EVVP79","i":"ynssc","n":"云南时时彩","ne":0,"h":0,"d":"","mp":1980,"ic":72},{"id":"LGIF4615A03B940O58FMENB22H3DHUO3","i":"jlssc","n":"吉林时时彩","ne":0,"h":0,"d":"","mp":1980,"ic":87}],"identifier":"ssc","name":"时时彩","online_status":1},{"infos":[{"id":"LGIF02RUJHENLEMX0RQFYWA8IAAGDOMU","i":"bjpk10","n":"北京PK拾","ne":0,"h":0,"d":"","mp":1980,"ic":179},{"id":"LGIF4115A03DP504UOE52S5G1SCGD80T","i":"hunpk10","n":"湖南PK拾","ne":0,"h":0,"d":"","mp":1980,"ic":84}],"identifier":"pk10","name":"PK拾","online_status":1},{"infos":[{"id":"LGIF14RUJHEI731BSHR1B7FGQCUFD9LI","i":"sd11x5","n":"山东11选5","ne":0,"h":1,"d":null,"mp":1980,"ic":234},{"id":"LGIF22RUJHEI85K4SWISAO21DPAQ9OK2","i":"bj11x5","n":"北京11选5","ne":0,"h":0,"d":"","mp":1980,"ic":85},{"id":"LGIF27RUJHEI7SPV4BTXFHQ9K4POK25H","i":"ah11x5","n":"安徽11选5","ne":0,"h":1,"d":null,"mp":1980,"ic":81},{"id":"LGIF47RUJHEI7FN14TRIZIHXFNF1DTH4","i":"sh11x5","n":"上海11选5","ne":0,"h":1,"d":null,"mp":1980,"ic":90},{"id":"LGIF67RUJHEI8IOFK88AZMHAWIAVUJKT","i":"fj11x5","n":"福建11选5","ne":0,"h":1,"d":null,"mp":1980,"ic":90},{"id":"LGIF0515A03BADXAZ4OK0M6QLQ0G5JSB","i":"snx11x5","n":"陕西11选5","ne":0,"h":0,"d":"","mp":1980,"ic":88},{"id":"LGIF0715A03BA665Z8KCJMJ8CFG11QVV","i":"ln11x5","n":"辽宁11选5","ne":0,"h":0,"d":"","mp":1980,"ic":83},{"id":"LGIF0915A03BA3OG1G6Q2GF6F4F97Z2M","i":"jx11x5","n":"江西11选5","ne":0,"h":0,"d":"","mp":1980,"ic":84},{"id":"LGIF1015A03B9LVQGC0RF7LFAZAGJSIW","i":"gs11x5","n":"甘肃11选5","ne":0,"h":0,"d":"","mp":1980,"ic":78},{"id":"LGIF1015A03BAGCA5CIAIWDZ4CZIKIVC","i":"tj11x5","n":"天津11选5","ne":0,"h":0,"d":"","mp":1980,"ic":90},{"id":"LGIF1215A03BA8VXT4OJORW5CZAPC3N0","i":"nx11x5","n":"宁夏11选5","ne":0,"h":0,"d":"","mp":1980,"ic":79},{"id":"LGIF2715A03BA16HM40M3FGPHOMYD3VA","i":"jl11x5","n":"吉林11选5","ne":0,"h":0,"d":"","mp":1980,"ic":79},{"id":"LGIF3615A03BAOHWIOAXNU4RWZ81JHQU","i":"hn11x5","n":"河南11选5","ne":0,"h":0,"d":"","mp":1980,"ic":88},{"id":"LGIF3715A03BABF5WWY9XZWP0EZK6DSX","i":"sx11x5","n":"山西11选5","ne":0,"h":0,"d":"","mp":1980,"ic":94},{"id":"LGIF4215A03BALJTB0HSKT0G67JENOBN","i":"zj11x5","n":"浙江11选5","ne":0,"h":0,"d":"","mp":1980,"ic":85},{"id":"LGIF4315A03B9YT88WFCCG2WROVZDRKZ","i":"hub11x5","n":"湖北11选5","ne":0,"h":0,"d":"","mp":1980,"ic":81},{"id":"LGIF4915A03BAIZB7OYQ0RHE244ED4N1","i":"yn11x5","n":"云南11选5","ne":0,"h":0,"d":"","mp":1980,"ic":85},{"id":"LGIF5915A03B9WAYXWLIJV7TZU6MFPN9","i":"hb11x5","n":"河北11选5","ne":0,"h":0,"d":"","mp":1980,"ic":85},{"id":"LGIF8015A03B9OIYGO00DFZGQTYSFFSN","i":"gd11x5","n":"广东11选5","ne":0,"h":0,"d":"","mp":1980,"ic":84},{"id":"LGIF8815A03B9TSFLSIROB82JTJ547MV","i":"gz11x5","n":"贵州11选5","ne":0,"h":0,"d":"","mp":1980,"ic":80},{"id":"LGIF9615A03B9R7MEGG80785PC7X42FF","i":"gx11x5","n":"广西11选5","ne":0,"h":0,"d":"","mp":1980,"ic":90}],"identifier":"11x5","name":"11选5","online_status":1},{"infos":[{"id":"LGIX69RUJHEMP9OX0E8UXMMNBNU210A8","i":"jskl3","n":"江苏快乐三","ne":0,"h":0,"d":"","mp":1980,"ic":82},{"id":"LGIX2715A03DLDKPQ882BWFS8DAAXDCI","i":"bjkl3","n":"北京快乐三","ne":0,"h":0,"d":"","mp":1980,"ic":89},{"id":"LGIX6515A03DLFA0LG8ZUK2KYGV8MYWQ","i":"fjkl3","n":"福建快乐三","ne":0,"h":0,"d":"","mp":1980,"ic":78},{"id":"LGIX8415A03DLBSIXCIX5PTB30FUA334","i":"ahkl3","n":"安徽快乐三","ne":0,"h":0,"d":"","mp":1980,"ic":80},{"id":"LGIX2715A03DLNP93WGAVQYBRSSC0ZFX","i":"hnkl3","n":"河南快乐三","ne":0,"h":0,"d":"","mp":1980,"ic":84},{"id":"LGIX3315A03DLPBU2444492QFHJJF2K3","i":"hubkl3","n":"湖北快乐三","ne":0,"h":0,"d":"","mp":1980,"ic":78},{"id":"LGIX4315A03DLIM8AOPI9VAXUEQKA87U","i":"gxkl3","n":"广西快乐三","ne":0,"h":0,"d":"","mp":1980,"ic":78},{"id":"LGIX4815A03DLKGR1SDYF17D0FFFIXAA","i":"gzkl3","n":"贵州快乐三","ne":0,"h":0,"d":"","mp":1980,"ic":78},{"id":"LGIX8015A03DLM00V4MP4BI44FF6Y6NB","i":"hbkl3","n":"河北快乐三","ne":0,"h":0,"d":"","mp":1980,"ic":81},{"id":"LGIX8915A03DLQZY98KZSG078IT43QZX","i":"shkl3","n":"上海快乐三","ne":0,"h":0,"d":"","mp":1980,"ic":82},{"id":"LGIX9815A03DLGZE5W11QIICV8JDDAGN","i":"gskl3","n":"甘肃快乐三","ne":0,"h":0,"d":"","mp":1980,"ic":72}],"identifier":"k3","name":"快三","online_status":1}]
